<?xml version="1.0" encoding="ISO-8859-1"?>
<?xml-stylesheet type="text/xsl" href="http://strangebrewcloud.appspot.com/html/recipeToHtml.xslt"?><STRANGEBREWRECIPE version = "2.1.0">
<!-- This is a SBJava export.  StrangeBrew 1.8 will not import it. -->
  <DETAILS>
  <NAME>30A Rye Porter</NAME>
  <BREWER>Drew Avis</BREWER>
  <NOTES></NOTES>
  <EFFICIENCY>70.0</EFFICIENCY>
  <OG>1.052</OG>
  <FG>1.013</FG>
  <STYLE>Robust Porter</STYLE>
  <MASH>true</MASH>
  <LOV>28.4</LOV>
  <IBU>27.3</IBU>
  <ALC>5.1</ALC>
  <!-- SBJ1.0 Extensions: -->
  <EVAP>5.0</EVAP>
  <EVAP_METHOD>Percent</EVAP_METHOD>
  <!-- END SBJ1.0 Extensions -->
  <BOIL_TIME>60</BOIL_TIME>
  <PRESIZE>64.8</PRESIZE>
  <SIZE>60.0</SIZE>
  <SIZE_UNITS>litres</SIZE_UNITS>
  <MALT_UNITS>lb</MALT_UNITS>
  <HOPS_UNITS>T SI</HOPS_UNITS>
  <YEAST>Safale S-04</YEAST>
  <RECIPE_DATE>09/24/2005</RECIPE_DATE>
  <ATTENUATION>75.0</ATTENUATION>
  <!-- SBJ1.0 Extensions: -->
  <ALC_METHOD>Volume</ALC_METHOD>
  <IBU_METHOD>Tinseth</IBU_METHOD>
  <COLOUR_METHOD>SRM</COLOUR_METHOD>
  <KETTLE_LOSS>0.0</KETTLE_LOSS>
  <TRUB_LOSS>0.0</TRUB_LOSS>
  <MISC_LOSS>0.0</MISC_LOSS>
  <PELLET_HOP_PCT>6.0</PELLET_HOP_PCT>
  <YEAST_COST>0.75</YEAST_COST>
  <OTHER_COST>5.0</OTHER_COST>
  <!-- END SBJ1.0 Extensions -->
  </DETAILS>
  <FERMENTABLES>
    <TOTAL>33.95462262184878</TOTAL>
    <ITEM>
      <MALT>British Two-Row</MALT>
      <AMOUNT>12.5</AMOUNT>
      <PERCENT>36.8</PERCENT>
      <UNITS>lb</UNITS>
      <POINTS>1.038</POINTS>
      <LOV>2.5</LOV>
      <MASHED>true</MASHED>
      <STEEPED>false</STEEPED>
      <FERMENTS>true</FERMENTS>
      <COSTLB>0.47</COSTLB>
      <DESCRIPTION>British Two-Row: Fully modified British malt, easily converted by a single temperature mash.  Preferred by many brewers for full flavored ales.  Pale Ale malt has undergone higher kilning than Klages and is lower in diastatic power so keep adjuncts to 15% or less.</DESCRIPTION>
    </ITEM>
    <ITEM>
      <MALT>Belgian Aromatic</MALT>
      <AMOUNT>5.0</AMOUNT>
      <PERCENT>14.7</PERCENT>
      <UNITS>lb</UNITS>
      <POINTS>1.03</POINTS>
      <LOV>25.0</LOV>
      <MASHED>true</MASHED>
      <STEEPED>false</STEEPED>
      <FERMENTS>true</FERMENTS>
      <COSTLB>0.9</COSTLB>
      <DESCRIPTION>Belgian Aromatic: Used at rates of up to 10%, Aromatic malt will lend a distinct, almost exaggerated malt aroma and flavor to your finished Ales and Lagers.  Aromatic malt also has a rich color and is high in diastatic power for aid in starch conversion.</DESCRIPTION>
    </ITEM>
    <ITEM>
      <MALT>British Carastan</MALT>
      <AMOUNT>5.0</AMOUNT>
      <PERCENT>14.7</PERCENT>
      <UNITS>lb</UNITS>
      <POINTS>1.035</POINTS>
      <LOV>34.0</LOV>
      <MASHED>true</MASHED>
      <STEEPED>false</STEEPED>
      <FERMENTS>true</FERMENTS>
      <COSTLB>0.9</COSTLB>
      <DESCRIPTION>British Carastan: Also known as CaraStan, use 5 to 20% of English Crystal to add color and a full, toffee/sweet flavor to Bitters, Pale Ales and Porters.</DESCRIPTION>
    </ITEM>
    <ITEM>
      <MALT>Rye Malt</MALT>
      <AMOUNT>5.0</AMOUNT>
      <PERCENT>14.7</PERCENT>
      <UNITS>lb</UNITS>
      <POINTS>1.03</POINTS>
      <LOV>4.0</LOV>
      <MASHED>true</MASHED>
      <STEEPED>false</STEEPED>
      <FERMENTS>true</FERMENTS>
      <COSTLB>0.0</COSTLB>
      <DESCRIPTION>Malted Rye</DESCRIPTION>
    </ITEM>
    <ITEM>
      <MALT>Canadian Two-Row</MALT>
      <AMOUNT>3.5</AMOUNT>
      <PERCENT>10.3</PERCENT>
      <UNITS>lb</UNITS>
      <POINTS>1.036</POINTS>
      <LOV>2.1</LOV>
      <MASHED>true</MASHED>
      <STEEPED>false</STEEPED>
      <FERMENTS>true</FERMENTS>
      <COSTLB>0.39</COSTLB>
      <DESCRIPTION>Canadian Two-Row: The basic malt for brewing all grain beers from scratch.  High in diastatic power, well modified and fairly neutral, Klages make an excellent base malt. Best for both American Lager and Ale styles, Klages lends itself well to all beer styles.</DESCRIPTION>
    </ITEM>
    <ITEM>
      <MALT>German Carafa</MALT>
      <AMOUNT>1.0</AMOUNT>
      <PERCENT>6.5</PERCENT>
      <UNITS>kg</UNITS>
      <POINTS>1.03</POINTS>
      <LOV>300.0</LOV>
      <MASHED>true</MASHED>
      <STEEPED>false</STEEPED>
      <FERMENTS>true</FERMENTS>
      <COSTLB>3.86</COSTLB>
      <DESCRIPTION>German Carafa light - a very nice version of chocolate malt.</DESCRIPTION>
    </ITEM>
    <ITEM>
      <MALT>British Pale Chocolate</MALT>
      <AMOUNT>12.0</AMOUNT>
      <PERCENT>2.2</PERCENT>
      <UNITS>oz</UNITS>
      <POINTS>1.034</POINTS>
      <LOV>200.0</LOV>
      <MASHED>true</MASHED>
      <STEEPED>false</STEEPED>
      <FERMENTS>true</FERMENTS>
      <COSTLB>0.0</COSTLB>
      <DESCRIPTION>British Pale Chocolate: an excellent lightly roasted dark malt that adds colour but not a lot of roast flavour to brown ales, milds, and porters.  Very pleasing chocolate aroma and flavour.</DESCRIPTION>
    </ITEM>
  </FERMENTABLES>
  <HOPS>
    <TOTAL>1.417475E-4</TOTAL>
    <ITEM>
      <HOP>E. Kent Goldngs</HOP>
      <AMOUNT>5.0</AMOUNT>
      <TIME>60</TIME>
      <UNITS>oz</UNITS>
      <FORM>Leaf</FORM>
      <ALPHA>5.0</ALPHA>
      <COSTOZ>1.25</COSTOZ>
      <ADD>Boil</ADD>
      <DESCRIPTION>E. Kent Goldngs: A British grown version of the classic ale finishing hop.  Slightly smoother and more refined than the herbal, Canadian grown version.</DESCRIPTION>
      <DATE>Thu Aug 28 20:32:16 EDT 2014</DATE>
    </ITEM>
  </HOPS>
  <MISC>
  </MISC>
  <MASH>
    <NAME>Mash</NAME>
    <MASH_VOLUME>13.94</MASH_VOLUME>
    <MASH_VOL_U>gallons US</MASH_VOL_U>
    <MASH_RATIO>0.9</MASH_RATIO>
    <MASH_RATIO_U>cmbMaltUni</MASH_RATIO_U>
    <MASH_TIME>70</MASH_TIME>
    <MASH_TMP_U>F</MASH_TMP_U>
    <THICK_DECOCT_RATIO>0.6</THICK_DECOCT_RATIO>
    <THIN_DECOCT_RATIO>0.9</THIN_DECOCT_RATIO>
    <MASH_TUNLOSS_TEMP>3.0</MASH_TUNLOSS_TEMP>
    <GRAIN_TEMP>68.0</GRAIN_TEMP>
    <BOIL_TEMP>212.0</BOIL_TEMP>
    <ITEM>
      <TYPE>alpha</TYPE>
      <TEMP>155.0</TEMP>
      <DISPL_TEMP>155.0</DISPL_TEMP>
      <END_TEMP>155.0</END_TEMP>
      <DISPL_END_TEMP>155.0</DISPL_END_TEMP>
      <MIN>60</MIN>
      <RAMP_MIN>15</RAMP_MIN>
      <METHOD>infusion</METHOD>
      <WEIGHT_LBS>33.95462262184878</WEIGHT_LBS>
      <DIRECTIONS>Mash in with 7.6 gallons US of water at 176.6 F</DIRECTIONS>
    </ITEM>
    <ITEM>
      <TYPE>mashout</TYPE>
      <TEMP>168.0</TEMP>
      <DISPL_TEMP>168.0</DISPL_TEMP>
      <END_TEMP>168.0</END_TEMP>
      <DISPL_END_TEMP>168.0</DISPL_END_TEMP>
      <MIN>10</MIN>
      <RAMP_MIN>2</RAMP_MIN>
      <METHOD>infusion</METHOD>
      <WEIGHT_LBS>33.95462262184878</WEIGHT_LBS>
      <DIRECTIONS>Add 2.7 gallons US of water at 212.0 F</DIRECTIONS>
    </ITEM>
  </MASH>
   <FERMENTATION_SCHEDULE>
   </FERMENTATION_SCHEDULE>
   <CARB>
      <BOTTLETEMP>68.0</BOTTLETEMP>
      <SERVTEMP>45.0</SERVTEMP>
      <VOL>2.4</VOL>
      <SUGAR>Corn Sugar</SUGAR>
      <AMOUNT>651.0</AMOUNT>
      <SUGARU>g</SUGARU>
      <TEMPU>F</TEMPU>
      <KEG>true</KEG>
      <PSI>13.72</PSI>
   </CARB>
   <WATER_PROFILE>
      <SOURCE_WATER>
         <NAME>Distilled/RO</NAME>
         <CA>0.0</CA>
         <MG>0.0</MG>
         <NA>0.0</NA>
         <SO4>0.0</SO4>
         <HCO3>0.0</HCO3>
         <CL>0.0</CL>
         <HARDNESS>0.0</HARDNESS>
         <TDS>0.0</TDS>
         <PH>5.80000019073486</PH>
         <ALKALINITY>0.0</ALKALINITY>
      </SOURCE_WATER>
      <TARGET_WATER>
         <NAME>Distilled/RO</NAME>
         <CA>0.0</CA>
         <MG>0.0</MG>
         <NA>0.0</NA>
         <SO4>0.0</SO4>
         <HCO3>0.0</HCO3>
         <CL>0.0</CL>
         <HARDNESS>0.0</HARDNESS>
         <TDS>0.0</TDS>
         <PH>5.80000019073486</PH>
         <ALKALINITY>0.0</ALKALINITY>
      </TARGET_WATER>
      <ACID>
         <NAME>Citric</NAME>
         <AMT>0.00</AMT>
         <ACIDU>mg</ACIDU>
      </ACID>
   </WATER_PROFILE>
  <NOTES>
  </NOTES>
 <style>
  <subcategory id="null">    <name>Robust Porter</name>
    <aroma>
Roasty aroma (often with a lightly burnt, black malt character) should be noticeable and may be moderately strong. Optionally may also show some additional malt character in support (grainy, bready, toffee-like, caramelly, chocolate, coffee, rich, and/or sweet). Hop aroma low to high (US or UK varieties). Some American versions may be dry-hopped. Fruity esters are moderate to none. Diacetyl low to none.</aroma>
    <appearance>
Medium brown to very dark brown, often with ruby- or garnet-like highlights. Can approach black in color. Clarity may be difficult to discern in such a dark beer, but when not opaque will be clear (particularly when held up to the light). Full, tan-colored head with moderately good head retention.</appearance>
    <flavor>
Moderately strong malt flavor usually features a lightly burnt, black malt character (and sometimes chocolate and/or coffee flavors) with a bit of roasty dryness in the finish. Overall flavor may finish from dry to medium-sweet, depending on grist composition, hop bittering level, and attenuation. May have a sharp character from dark roasted grains, although should not be overly acrid, burnt or harsh. Medium to high bitterness, which can be accentuated by the roasted malt. Hop flavor can vary from low to moderately high (US or UK varieties, typically), and balances the roasted malt flavors. Diacetyl low to none. Fruity esters moderate to none.</flavor>
    <mouthfeel>
Medium to medium-full body. Moderately low to moderately high carbonation. Stronger versions may have a slight alcohol warmth. May have a slight astringency from roasted grains, although this character should not be strong.</mouthfeel>
    <impression>
A substantial, malty dark ale with a complex and flavorful roasty character.</impression>
    <comments>
Although a rather broad style open to brewer interpretation, it may be distinguished from Stout as lacking a strong roasted barley character. It differs from a brown porter in that a black patent or roasted grain character is usually present, and it can be stronger in alcohol. Roast intensity and malt flavors can also vary significantly. May or may not have a strong hop character, and may or may not have significant fermentation by-products; thus may seem to have an "American" or "English" character.</comments>
    <ingredients>
May contain several malts, prominently dark roasted malts and grains, which often include black patent malt (chocolate malt and/or roasted barley may also be used in some versions). Hops are used for bittering, flavor and/or aroma, and are frequently UK or US varieties. Water with moderate to high carbonate hardness is typical. Ale yeast can either be clean US versions or characterful English varieties.</ingredients>
 <stats>
  <og flexible="false">
      <low>1.048</low>
      <high>1.065</high>
  </og>
  <fg flexible="false">
      <low>0.0</low>
      <high>0.0</high>
  </fg>
  <ibu flexible="false">
      <low>25.0</low>
      <high>50.0</high>
  </ibu>
  <srm flexible="false">
      <low>22.0</low>
      <high>35.0</high>
  </srm>
  <abv flexible="false">
      <low>4.8</low>
      <high>6.0</high>
  </abv>
</stats>
    <examples>
Anchor Porter, Great Lakes Edmund Fitzgerald Porter, Sierra Nevada Porter, Bell's Porter, Thirsty Dog Old Leghumper, Otter Creek Stovepipe Porter, Portland Haystack Black Porter, Avery New World Porter, Deschutes Black Butte Porter, Redhook Blackhook Porter</examples>
  </subcategory>
 </style>
</STRANGEBREWRECIPE>