<?xml version="1.0" encoding="ISO-8859-1"?>
<STRANGEBREWRECIPE version = "2.1.0">
<!-- This is a SBJava export.  StrangeBrew 1.8 will not import it. -->
  <DETAILS>
  <NAME>Citric</NAME>
  <BREWER>Doug Edey</BREWER>
  <NOTES></NOTES>
  <EFFICIENCY>75.0</EFFICIENCY>
  <OG>1.065</OG>
  <FG>1.016</FG>
  <STYLE></STYLE>
  <MASH>false</MASH>
  <LOV>14.2</LOV>
  <IBU>61.9</IBU>
  <ALC>6.4</ALC>
  <!-- SBJ1.0 Extensions: -->
  <EVAP>1.5</EVAP>
  <EVAP_METHOD>Constant</EVAP_METHOD>
  <!-- END SBJ1.0 Extensions -->
  <BOIL_TIME>60</BOIL_TIME>
  <PRESIZE>24.16</PRESIZE>
  <SIZE>22.0</SIZE>
  <SIZE_UNITS>gallons US</SIZE_UNITS>
  <MALT_UNITS>pounds</MALT_UNITS>
  <HOPS_UNITS>ounces</HOPS_UNITS>
  <YEAST>Safale S-04</YEAST>
  <RECIPE_DATE>01/09/2013</RECIPE_DATE>
  <ATTENUATION>75.0</ATTENUATION>
  <!-- SBJ1.0 Extensions: -->
  <ALC_METHOD>Volume</ALC_METHOD>
  <IBU_METHOD>Tinseth</IBU_METHOD>
  <COLOUR_METHOD>SRM</COLOUR_METHOD>
  <KETTLE_LOSS>0.0</KETTLE_LOSS>
  <TRUB_LOSS>0.0</TRUB_LOSS>
  <MISC_LOSS>0.0</MISC_LOSS>
  <PELLET_HOP_PCT>6.0</PELLET_HOP_PCT>
  <YEAST_COST>0.75</YEAST_COST>
  <OTHER_COST>5.0</OTHER_COST>
  <!-- END SBJ1.0 Extensions -->
  </DETAILS>
  <FERMENTABLES>
    <TOTAL>55.0</TOTAL>
    <ITEM>
      <MALT>Marris Otter</MALT>
      <AMOUNT>40.0</AMOUNT>
      <PERCENT>72.7</PERCENT>
      <UNITS>lb</UNITS>
      <POINTS>1.036</POINTS>
      <LOV>3.0</LOV>
      <MASHED>true</MASHED>
      <STEEPED>false</STEEPED>
      <COSTLB>0.9</COSTLB>
      <DESCRIPTION>The classic British ale malt, prized by the finest brewers in Britain. Made from fully modified two-row winter Maris Otter. This malt has a wide optimum temperature and pH range, making it very forgiving in the brewery and popular with small-scale brewers. Very low protein (9.5%), high flavour malt, perfect for lower gravity Bitters</DESCRIPTION>
    </ITEM>
    <ITEM>
      <MALT>Weyerman Carafamunich 2</MALT>
      <AMOUNT>10.0</AMOUNT>
      <PERCENT>18.2</PERCENT>
      <UNITS>lb</UNITS>
      <POINTS>1.03</POINTS>
      <LOV>45.0</LOV>
      <MASHED>true</MASHED>
      <STEEPED>false</STEEPED>
      <COSTLB>0.9</COSTLB>
      <DESCRIPTION>German Carafa Special - the darkest of the carafa dark malts, adds a roasty flavour and intense colour to beer.</DESCRIPTION>
    </ITEM>
    <ITEM>
      <MALT>CaraFoam</MALT>
      <AMOUNT>5.0</AMOUNT>
      <PERCENT>9.1</PERCENT>
      <UNITS>lb</UNITS>
      <POINTS>1.033</POINTS>
      <LOV>3.0</LOV>
      <MASHED>true</MASHED>
      <STEEPED>true</STEEPED>
      <COSTLB>0.9</COSTLB>
      <DESCRIPTION>Increases foam/head retention and body of the beer.</DESCRIPTION>
    </ITEM>
  </FERMENTABLES>
  <HOPS>
    <TOTAL>19.0</TOTAL>
    <ITEM>
      <HOP>Columbus</HOP>
      <AMOUNT>3.0</AMOUNT>
      <TIME>60</TIME>
      <UNITS>oz</UNITS>
      <FORM>Pellet</FORM>
      <ALPHA>11.0</ALPHA>
      <COSTOZ>1.25</COSTOZ>
      <ADD>Boil</ADD>
      <DESCRIPTION>Columbus: Very pungent aroma, clean bittering properties.</DESCRIPTION>
      <DATE>Mon Jan 14 22:31:16 EST 2013</DATE>
    </ITEM>
    <ITEM>
      <HOP>Sorachi</HOP>
      <AMOUNT>8.0</AMOUNT>
      <TIME>15</TIME>
      <UNITS>oz</UNITS>
      <FORM>Pellet</FORM>
      <ALPHA>5.9</ALPHA>
      <COSTOZ>1.6</COSTOZ>
      <ADD>Boil</ADD>
      <DESCRIPTION>Cascade: Cascade, while a good bittering hop, is best known for its pronounced, very  distinctive&quot;perfumey&quot;aroma and flavor.  Used by many micro breweries.</DESCRIPTION>
      <DATE>Mon Jan 14 22:31:16 EST 2013</DATE>
    </ITEM>
    <ITEM>
      <HOP>Northern Brewer</HOP>
      <AMOUNT>8.0</AMOUNT>
      <TIME>15</TIME>
      <UNITS>oz</UNITS>
      <FORM>Pellet</FORM>
      <ALPHA>6.9</ALPHA>
      <COSTOZ>1.25</COSTOZ>
      <ADD>Boil</ADD>
      <DESCRIPTION>Northern Brewer: Northern Brewer is a versatile bittering hop for Ales, Porters and Stouts. While not considered an aroma hop it can be used to flavor Steam Beer recipes. German grown Northern Brewer will contribute a solid bittering and rich flavor to Ales and Lagers.</DESCRIPTION>
      <DATE>Mon Jan 14 22:31:16 EST 2013</DATE>
    </ITEM>
  </HOPS>
  <MISC>
  </MISC>
  <MASH>
    <NAME>Mash</NAME>
    <MASH_VOLUME>86.92</MASH_VOLUME>
    <MASH_VOL_U>litres</MASH_VOL_U>
    <MASH_RATIO>1.25</MASH_RATIO>
    <MASH_RATIO_U>qt/l</MASH_RATIO_U>
    <MASH_TIME>60</MASH_TIME>
    <MASH_TMP_U>F</MASH_TMP_U>
    <THICK_DECOCT_RATIO>0.6</THICK_DECOCT_RATIO>
    <THIN_DECOCT_RATIO>0.9</THIN_DECOCT_RATIO>
    <MASH_TUNLOSS_TEMP>0.0</MASH_TUNLOSS_TEMP>
    <GRAIN_TEMP>68.0</GRAIN_TEMP>
    <BOIL_TEMP>212.0</BOIL_TEMP>
    <ITEM>
      <TYPE>alpha</TYPE>
      <TEMP>156.0</TEMP>
      <DISPL_TEMP>156.0</DISPL_TEMP>
      <END_TEMP>156.0</END_TEMP>
      <DISPL_END_TEMP>156.0</DISPL_END_TEMP>
      <MIN>60</MIN>
      <RAMP_MIN>0</RAMP_MIN>
      <METHOD>infusion</METHOD>
      <WEIGHT_LBS>55.0</WEIGHT_LBS>
      <DIRECTIONS>Mash in with 65.1 litres of water at 169.5 F</DIRECTIONS>
    </ITEM>
    <ITEM>
      <TYPE>sparge</TYPE>
      <TEMP>170.0</TEMP>
      <DISPL_TEMP>170.0</DISPL_TEMP>
      <END_TEMP>170.0</END_TEMP>
      <DISPL_END_TEMP>170.0</DISPL_END_TEMP>
      <MIN>60</MIN>
      <RAMP_MIN>0</RAMP_MIN>
      <METHOD>fly</METHOD>
      <WEIGHT_LBS>0.0</WEIGHT_LBS>
      <DIRECTIONS>Sparge with 49.2 litres at 170.0F to collect 87.2 litres</DIRECTIONS>
    </ITEM>
  </MASH>
   <FERMENTATION_SCHEDULE>
   </FERMENTATION_SCHEDULE>
   <CARB>
      <BOTTLETEMP>68.0</BOTTLETEMP>
      <SERVTEMP>45.0</SERVTEMP>
      <VOL>2.4</VOL>
      <SUGAR>Corn Sugar</SUGAR>
      <AMOUNT>238.7</AMOUNT>
      <SUGARU>g</SUGARU>
      <TEMPU>F</TEMPU>
      <KEG>true</KEG>
      <PSI>13.72</PSI>
   </CARB>
   <WATER_PROFILE>
      <SOURCE_WATER>
         <NAME>Distilled/RO</NAME>
         <CA>0.0</CA>
         <MG>0.0</MG>
         <NA>0.0</NA>
         <SO4>0.0</SO4>
         <HCO3>0.0</HCO3>
         <CL>0.0</CL>
         <HARDNESS>0.0</HARDNESS>
         <TDS>0.0</TDS>
         <PH>5.80000019073486</PH>
         <ALKALINITY>0.0</ALKALINITY>
      </SOURCE_WATER>
      <TARGET_WATER>
         <NAME>Distilled/RO</NAME>
         <CA>0.0</CA>
         <MG>0.0</MG>
         <NA>0.0</NA>
         <SO4>0.0</SO4>
         <HCO3>0.0</HCO3>
         <CL>0.0</CL>
         <HARDNESS>0.0</HARDNESS>
         <TDS>0.0</TDS>
         <PH>5.80000019073486</PH>
         <ALKALINITY>0.0</ALKALINITY>
      </TARGET_WATER>
      <ACID>
         <NAME>Citric</NAME>
         <AMT>0.00</AMT>
         <ACIDU>mg</ACIDU>
      </ACID>
   </WATER_PROFILE>
  <NOTES>
    <ITEM>
      <DATE>01/14/2013</DATE>
      <TYPE>Planning</TYPE>
      <NOTE>Only extracted 18G of final work, 22G pre boil, need to improve my output.</NOTE>
    </ITEM>
  </NOTES>
 <style>
  <subcategory id="null">    <name></name>
    <aroma>null</aroma>
    <appearance>null</appearance>
    <flavor>null</flavor>
    <mouthfeel>null</mouthfeel>
    <impression>null</impression>
    <comments>null</comments>
    <ingredients>null</ingredients>
 <stats>
  <og flexible="false">
      <low>0.0</low>
      <high>0.0</high>
  </og>
  <fg flexible="false">
      <low>0.0</low>
      <high>0.0</high>
  </fg>
  <ibu flexible="false">
      <low>0.0</low>
      <high>0.0</high>
  </ibu>
  <srm flexible="false">
      <low>0.0</low>
      <high>0.0</high>
  </srm>
  <abv flexible="false">
      <low>0.0</low>
      <high>0.0</high>
  </abv>
</stats>
    <examples>null</examples>
  </subcategory>
 </style>
</STRANGEBREWRECIPE>