<?xml version="1.0" encoding="ISO-8859-1"?>
<STRANGEBREWRECIPE version = "2.0.3">
<!-- This is a SBJava export.  StrangeBrew 1.8 will not import it. -->
  <DETAILS>
  <NAME>Bass Ale Clone</NAME>
  <BREWER>Andrew Carmichael</BREWER>
  <NOTES></NOTES>
  <EFFICIENCY>75.0</EFFICIENCY>
  <OG>1.045</OG>
  <FG>1.011</FG>
  <STYLE>Extra Special/Strong Bitter (English Pale Ale)</STYLE>
  <MASH>false</MASH>
  <LOV>10.7</LOV>
  <IBU>33.2</IBU>
  <ALC>4.5</ALC>
  <!-- SBJ1.0 Extensions: -->
  <EVAP>1.0</EVAP>
  <EVAP_METHOD>Constant</EVAP_METHOD>
  <!-- END SBJ1.0 Extensions -->
  <BOIL_TIME>75</BOIL_TIME>
  <PRESIZE>13.507</PRESIZE>
  <SIZE>11.9</SIZE>
  <SIZE_UNITS>gallons US</SIZE_UNITS>
  <MALT_UNITS>pounds</MALT_UNITS>
  <HOPS_UNITS>ounces</HOPS_UNITS>
  <YEAST>Safale S-04</YEAST>
  <RECIPE_DATE>05/01/2006</RECIPE_DATE>
  <ATTENUATION>75.0</ATTENUATION>
  <!-- SBJ1.0 Extensions: -->
  <ALC_METHOD>Volume</ALC_METHOD>
  <IBU_METHOD>Tinseth</IBU_METHOD>
  <COLOUR_METHOD>SRM</COLOUR_METHOD>
  <KETTLE_LOSS>1.0</KETTLE_LOSS>
  <TRUB_LOSS>1.0</TRUB_LOSS>
  <MISC_LOSS>1.0</MISC_LOSS>
  <PELLET_HOP_PCT>6.0</PELLET_HOP_PCT>
  <YEAST_COST>0.0</YEAST_COST>
  <OTHER_COST>5.0</OTHER_COST>
  <!-- END SBJ1.0 Extensions -->
  </DETAILS>
  <FERMENTABLES>
    <TOTAL>19.09375</TOTAL>
    <ITEM>
      <MALT>British Two-Row</MALT>
      <AMOUNT>15.0</AMOUNT>
      <PERCENT>78.6</PERCENT>
      <UNITS>lb</UNITS>
      <POINTS>1.038</POINTS>
      <LOV>2.5</LOV>
      <MASHED>true</MASHED>
      <STEEPED>false</STEEPED>
      <COSTLB>0.47</COSTLB>
      <DESCRIPTION>British Two-Row: Fully modified British malt, easily converted by a single temperature mash.  Preferred by many brewers for full flavored ales.  Pale Ale malt has undergone higher kilning than Klages and is lower in diastatic power so keep adjuncts to 15% or less.</DESCRIPTION>
    </ITEM>
    <ITEM>
      <MALT>British Crystal 50-60L</MALT>
      <AMOUNT>2.0</AMOUNT>
      <PERCENT>10.5</PERCENT>
      <UNITS>lb</UNITS>
      <POINTS>1.034</POINTS>
      <LOV>55.0</LOV>
      <MASHED>true</MASHED>
      <STEEPED>false</STEEPED>
      <COSTLB>1.58</COSTLB>
      <DESCRIPTION>British Crystal 50-60L</DESCRIPTION>
    </ITEM>
    <ITEM>
      <MALT>Corn (Flaked)</MALT>
      <AMOUNT>2.0</AMOUNT>
      <PERCENT>10.5</PERCENT>
      <UNITS>lb</UNITS>
      <POINTS>1.04</POINTS>
      <LOV>0.5</LOV>
      <MASHED>true</MASHED>
      <STEEPED>false</STEEPED>
      <COSTLB>0.9</COSTLB>
      <DESCRIPTION>Corn (Flaked): can add a sweet, corn flavour to beer without additional colour.  Used especially in Classic American (Pre-Prohibition) Pilsners, up to 30%.  Flaked corn is pre-gelatanized and can be added directly to the mash.</DESCRIPTION>
    </ITEM>
    <ITEM>
      <MALT>Roast Barley</MALT>
      <AMOUNT>1.5</AMOUNT>
      <PERCENT>0.5</PERCENT>
      <UNITS>oz</UNITS>
      <POINTS>1.029</POINTS>
      <LOV>650.0</LOV>
      <MASHED>true</MASHED>
      <STEEPED>true</STEEPED>
      <COSTLB>0.9</COSTLB>
      <DESCRIPTION>Roast Barley: Use 10 to 12% to impart a distinct, roasted flavor to Stouts.  Other dark beers also benefit from smaller quantities (2 - 6%).</DESCRIPTION>
    </ITEM>
  </FERMENTABLES>
  <HOPS>
    <TOTAL>5.0</TOTAL>
    <ITEM>
      <HOP>Northern Brewer</HOP>
      <AMOUNT>3.0</AMOUNT>
      <TIME>60</TIME>
      <UNITS>oz</UNITS>
      <FORM>Leaf</FORM>
      <ALPHA>6.9</ALPHA>
      <COSTOZ>1.25</COSTOZ>
      <ADD>FWH</ADD>
      <DESCRIPTION>Northern Brewer: Northern Brewer is a versatile bittering hop for Ales, Porters and Stouts. While not considered an aroma hop it can be used to flavor Steam Beer recipes. German grown Northern Brewer will contribute a solid bittering and rich flavor to Ales and Lagers.</DESCRIPTION>
      <DATE>Sun Sep 16 16:19:35 EDT 2012</DATE>
    </ITEM>
    <ITEM>
      <HOP>E. Kent Goldngs</HOP>
      <AMOUNT>2.0</AMOUNT>
      <TIME>2</TIME>
      <UNITS>oz</UNITS>
      <FORM>Leaf</FORM>
      <ALPHA>5.0</ALPHA>
      <COSTOZ>1.25</COSTOZ>
      <ADD>Boil</ADD>
      <DESCRIPTION>E. Kent Goldngs: A British grown version of the classic ale finishing hop.  Slightly smoother and more refined than the herbal, Canadian grown version.</DESCRIPTION>
      <DATE>Sun Sep 16 16:19:35 EDT 2012</DATE>
    </ITEM>
  </HOPS>
  <MISC>
  </MISC>
  <MASH>
    <NAME>Mash</NAME>
    <MASH_VOLUME>10.47</MASH_VOLUME>
    <MASH_VOL_U>gallons US</MASH_VOL_U>
    <MASH_RATIO>1.25</MASH_RATIO>
    <MASH_RATIO_U>qt/l</MASH_RATIO_U>
    <MASH_TIME>70</MASH_TIME>
    <MASH_TMP_U>F</MASH_TMP_U>
    <THICK_DECOCT_RATIO>0.6</THICK_DECOCT_RATIO>
    <THIN_DECOCT_RATIO>0.9</THIN_DECOCT_RATIO>
    <MASH_TUNLOSS_TEMP>0.0</MASH_TUNLOSS_TEMP>
    <GRAIN_TEMP>68.0</GRAIN_TEMP>
    <BOIL_TEMP>212.0</BOIL_TEMP>
    <ITEM>
      <TYPE>alpha</TYPE>
      <TEMP>152.0</TEMP>
      <DISPL_TEMP>152.0</DISPL_TEMP>
      <END_TEMP>152.0</END_TEMP>
      <DISPL_END_TEMP>152.0</DISPL_END_TEMP>
      <MIN>60</MIN>
      <RAMP_MIN>0</RAMP_MIN>
      <METHOD>infusion</METHOD>
      <WEIGHT_LBS>19.09375</WEIGHT_LBS>
      <DIRECTIONS>Mash in with 6.0 gallons US of water at 164.9 F</DIRECTIONS>
    </ITEM>
    <ITEM>
      <TYPE>mashout</TYPE>
      <TEMP>168.0</TEMP>
      <DISPL_TEMP>168.0</DISPL_TEMP>
      <END_TEMP>168.0</END_TEMP>
      <DISPL_END_TEMP>168.0</DISPL_END_TEMP>
      <MIN>10</MIN>
      <RAMP_MIN>0</RAMP_MIN>
      <METHOD>infusion</METHOD>
      <WEIGHT_LBS>19.09375</WEIGHT_LBS>
      <DIRECTIONS>Add 2.5 gallons US of water at 212.0 F</DIRECTIONS>
    </ITEM>
  </MASH>
   <FERMENTATION_SCHEDULE>
   </FERMENTATION_SCHEDULE>
   <CARB>
      <BOTTLETEMP>68.0</BOTTLETEMP>
      <SERVTEMP>45.0</SERVTEMP>
      <VOL>2.4</VOL>
      <SUGAR>Corn Sugar</SUGAR>
      <AMOUNT>96.6</AMOUNT>
      <SUGARU>g</SUGARU>
      <TEMPU>F</TEMPU>
      <KEG>true</KEG>
      <PSI>13.72</PSI>
   </CARB>
   <WATER_PROFILE>
      <SOURCE_WATER>
         <NAME>Distilled/RO</NAME>
         <CA>0.0</CA>
         <MG>0.0</MG>
         <NA>0.0</NA>
         <SO4>0.0</SO4>
         <HCO3>0.0</HCO3>
         <CL>0.0</CL>
         <HARDNESS>0.0</HARDNESS>
         <TDS>0.0</TDS>
         <PH>5.80000019073486</PH>
         <ALKALINITY>0.0</ALKALINITY>
      </SOURCE_WATER>
      <TARGET_WATER>
         <NAME>Distilled/RO</NAME>
         <CA>0.0</CA>
         <MG>0.0</MG>
         <NA>0.0</NA>
         <SO4>0.0</SO4>
         <HCO3>0.0</HCO3>
         <CL>0.0</CL>
         <HARDNESS>0.0</HARDNESS>
         <TDS>0.0</TDS>
         <PH>5.80000019073486</PH>
         <ALKALINITY>0.0</ALKALINITY>
      </TARGET_WATER>
      <ACID>
         <NAME>Citric</NAME>
         <AMT>0.00</AMT>
         <ACIDU>mg</ACIDU>
      </ACID>
   </WATER_PROFILE>
  <NOTES>
    <ITEM>
      <DATE>09/15/2012</DATE>
      <TYPE>Brewed</TYPE>
      <NOTE></NOTE>
    </ITEM>
  </NOTES>
 <style>
  <subcategory id="null">    <name>Extra Special/Strong Bitter (English Pale Ale)</name>
    <aroma>
Hop aroma moderately-high to moderately-low, and can use any variety of hops although UK hops are most traditional. Medium to medium-high malt aroma, often with a low to moderately strong caramel component (although this character will be more subtle in paler versions). Medium-low to medium-high fruity esters. Generally no diacetyl, although very low levels are allowed. May have light, secondary notes of sulfur and/or alcohol in some examples (optional).</aroma>
    <appearance>
Golden to deep copper. Good to brilliant clarity. Low to moderate white to off-white head. A low head is acceptable when carbonation is also low.</appearance>
    <flavor>
Medium-high to medium bitterness with supporting malt flavors evident. Normally has a moderately low to somewhat strong caramelly malt sweetness. Hop flavor moderate to moderately high (any variety, although earthy, resiny, and/or floral UK hops are most traditional). Hop bitterness and flavor should be noticeable, but should not totally dominate malt flavors. May have low levels of secondary malt flavors (e.g., nutty, biscuity) adding complexity. Moderately-low to high fruity esters. Optionally may have low amounts of alcohol, and up to a moderate minerally/sulfury flavor. Medium-dry to dry finish (particularly if sulfate water is used). Generally no diacetyl, although very low levels are allowed.</flavor>
    <mouthfeel>
Medium-light to medium-full body. Low to moderate carbonation, although bottled commercial versions will be higher. Stronger versions may have a slight alcohol warmth but this character should not be too high.</mouthfeel>
    <impression>
An average-strength to moderately-strong English ale. The balance may be fairly even between malt and hops to somewhat bitter. Drinkability is a critical component of the style; emphasis is still on the bittering hop addition as opposed to the aggressive middle and late hopping seen in American ales. A rather broad style that allows for considerable interpretation by the brewer.</impression>
    <comments>
More evident malt and hop flavors than in a special or best bitter. Stronger versions may overlap somewhat with old ales, although strong bitters will tend to be paler and more bitter. Fuller's ESB is a unique beer with a very large, complex malt profile not found in other examples; most strong bitters are fruitier and hoppier. Judges should not judge all beers in this style as if they were Fuller's ESB clones. Some modern English variants are brewed exclusively with pale malt and are known as golden or summer bitters. Most bottled or kegged versions of UK-produced bitters are higher-alcohol versions of their cask (draught) products produced specifically for export. The IBU levels are often not adjusted, so the versions available in the US often do not directly correspond to their style subcategories in Britain. English pale ales are generally considered a premium, export-strength pale, bitter beer that roughly approximates a strong bitter, although reformulated for bottling (including containing higher carbonation).</comments>
    <ingredients>
Pale ale, amber, and/or crystal malts, may use a touch of black malt for color adjustment. May use sugar adjuncts, corn or wheat. English hops most typical, although American and European varieties are becoming more common (particularly in the paler examples). Characterful English yeast. "Burton" versions use medium to high sulfate water.</ingredients>
 <stats>
  <og flexible="false">
      <low>1.048</low>
      <high>1.06</high>
  </og>
  <fg flexible="false">
      <low>0.0</low>
      <high>0.0</high>
  </fg>
  <ibu flexible="false">
      <low>30.0</low>
      <high>50.0</high>
  </ibu>
  <srm flexible="false">
      <low>6.0</low>
      <high>18.0</high>
  </srm>
  <abv flexible="false">
      <low>6.2</low>
      <high>4.6</high>
  </abv>
</stats>
    <examples>
Fullers ESB, Adnams Broadside, Shepherd Neame Bishop's Finger, Samuel Smith's Old Brewery Pale Ale, Bass Ale, Whitbread Pale Ale, Shepherd Neame Spitfire, Marston's Pedigree, Black Sheep Ale, Vintage Henley, Mordue Workie Ticket, Morland Old Speckled Hen, Greene King Abbot Ale, Bateman's XXXB, Gale's Hordean Special Bitter (HSB), Ushers 1824 Particular Ale, Hopback Summer Lightning, Redhook ESB, Great Lakes Moondog Ale, Shipyard Old Thumper, Alaskan ESB, Geary's Pale Ale, Cooperstown Old Slugger</examples>
  </subcategory>
 </style>
</STRANGEBREWRECIPE>